[
    {
        "model": "ocds_master_tables.address",
        "pk": 1,
        "fields": {
            "country_name": "Madagascar",
            "region": "Analamanga",
            "locality": "Tananarive",
            "postal_code": "101",
            "locality_longitude": "47.516667",
            "locality_latitude": "-18.933333"
        }
    },
    {
        "model": "ocds_master_tables.contactpoint",
        "pk": 1,
        "fields": {
            "name": "Procurement Team",
            "email": "procurement-team@example.com",
            "telephone": "12345 456 343",
            "fax_number": "12345 456 343",
            "url": "http://example.com/contact/"
        }
    },
    {
        "model": "ocds_master_tables.contactpoint",
        "pk": 2,
        "fields": {
            "name": "SG",
            "email": "sg@example.com",
            "telephone": "12345 456 343",
            "fax_number": "12345 456 343",
            "url": "http://sg.example/contact/"
        }
    },
    {
        "model": "ocds_master_tables.contactpoint",
        "pk": 3,
        "fields": {
            "name": "Calos contact",
            "email": "cc@calos.example",
            "telephone": "12345 456 343",
            "fax_number": "12345 456 343",
            "url": "http://example.com/contact/"
        }
    },
    {
        "model": "ocds_master_tables.document",
        "pk": 1,
        "fields": {
            "document_type": "plannedProcurementNotice",
            "title": "Planification des travaux",
            "description": "Travaux de réhabilitation des parcs nationaux",
            "url": "http://example.com",
            "date_published": "2021-12-30T18:18:43Z",
            "date_modified": null,
            "document_format": "application/pdf",
            "language": "en"
        }
    },
    {
        "model": "ocds_master_tables.document",
        "pk": 3,
        "fields": {
            "document_type": "technicalSpecifications",
            "title": "Spécifications techniques des constructions",
            "description": "Ce document contient toutes les spécifications techniques des travaux",
            "url": "http://example.com",
            "date_published": "2021-12-30T19:01:20Z",
            "date_modified": null,
            "document_format": "application/pdf",
            "language": "en"
        }
    },
    {
        "model": "ocds_master_tables.entity",
        "pk": 1,
        "fields": {
            "name": "London Borough of Barnet",
            "identifier": 1,
            "address": 1,
            "contact_point": 1
        }
    },
    {
        "model": "ocds_master_tables.entity",
        "pk": 2,
        "fields": {
            "name": "Government of Madagascar",
            "identifier": 2,
            "address": 1,
            "contact_point": 2
        }
    },
    {
        "model": "ocds_master_tables.entity",
        "pk": 3,
        "fields": {
            "name": "Calos",
            "identifier": 3,
            "address": 1,
            "contact_point": 3
        }
    },
    {
        "model": "ocds_master_tables.identifier",
        "pk": 1,
        "fields": {
            "scheme": "GB-LAC",
            "legal_name": "London Borough of Barnet",
            "uri": "http://www.barnet.gov.uk/"
        }
    },
    {
        "model": "ocds_master_tables.identifier",
        "pk": 2,
        "fields": {
            "scheme": "GB-LAC",
            "legal_name": "Madagascar",
            "uri": "http://www.mada-gov.example"
        }
    },
    {
        "model": "ocds_master_tables.identifier",
        "pk": 3,
        "fields": {
            "scheme": "GB-LAC",
            "legal_name": "Calos",
            "uri": "http://calos.example/uri"
        }
    },
    {
        "model": "ocds_master_tables.item",
        "pk": 1,
        "fields": {
            "description": "On sait depuis longtemps que travailler avec du texte lisible et contenant du sens est source de distractions, et empêche de se concentrer sur la mise en page elle-même. L'avantage du Lorem Ipsum sur un texte générique comme 'Du texte. Du texte. Du texte.' est qu'il possède une distribution de lettres plus ou moins normale, et en tout cas comparable avec celle du français standard. De nombreuses suites logicielles de mise en page ou éditeurs de sites Web ont fait du Lorem Ipsum leur faux texte par défaut, et une recherche pour 'Lorem Ipsum' vous conduira vers de nombreux sites qui n'en sont encore qu'à leur phase de construction. Plusieurs versions sont apparues avec le temps, parfois par accident, souvent intentionnellement (histoire d'y rajouter de petits clins d'oeil, voire des phrases embarassantes).",
            "classification": null,
            "quantity": 250,
            "unit": 1
        }
    },
    {
        "model": "ocds_master_tables.item",
        "pk": 2,
        "fields": {
            "description": "On sait depuis longtemps que travailler avec du texte lisible et contenant du sens est source de distractions, et empêche de se concentrer sur la mise en page elle-même. L'avantage du Lorem Ipsum sur un texte générique comme 'Du texte. Du texte. Du texte.' est qu'il possède une distribution de lettres plus ou moins normale, et en tout cas comparable avec celle du français standard. De nombreuses suites logicielles de mise en page ou éditeurs de sites Web ont fait du Lorem Ipsum leur faux texte par défaut, et une recherche pour 'Lorem Ipsum' vous conduira vers de nombreux sites qui n'en sont encore qu'à leur phase de construction. Plusieurs versions sont apparues avec le temps, parfois par accident, souvent intentionnellement (histoire d'y rajouter de petits clins d'oeil, voire des phrases embarassantes).",
            "classification": null,
            "quantity": 2500,
            "unit": 2
        }
    },
    {
        "model": "ocds_master_tables.milestone",
        "pk": 1,
        "fields": {
            "title": "Phase 1",
            "description": "Nettoyage des eaux",
            "due_date": "2025-12-30",
            "date_modified": null,
            "status": "scheduled"
        }
    },
    {
        "model": "ocds_master_tables.milestone",
        "pk": 2,
        "fields": {
            "title": "Phase 2",
            "description": "Construction",
            "due_date": "2027-12-30",
            "date_modified": null,
            "status": "scheduled"
        }
    },
    {
        "model": "ocds_master_tables.milestone",
        "pk": 5,
        "fields": {
            "title": "Phase 1",
            "description": "Nettoyage des eaux",
            "due_date": "2025-12-30",
            "date_modified": null,
            "status": "scheduled"
        }
    },
    {
        "model": "ocds_master_tables.milestone",
        "pk": 6,
        "fields": {
            "title": "Phase 2",
            "description": "Construction",
            "due_date": "2027-12-30",
            "date_modified": null,
            "status": "scheduled"
        }
    },
    {
        "model": "ocds_master_tables.period",
        "pk": 1,
        "fields": {
            "start_date": "2021-12-30",
            "end_date": "2022-12-30"
        }
    },
    {
        "model": "ocds_master_tables.period",
        "pk": 2,
        "fields": {
            "start_date": "2021-12-30",
            "end_date": "2022-12-30"
        }
    },
    {
        "model": "ocds_master_tables.period",
        "pk": 3,
        "fields": {
            "start_date": "2022-12-30",
            "end_date": "2023-12-30"
        }
    },
    {
        "model": "ocds_master_tables.period",
        "pk": 4,
        "fields": {
            "start_date": "2027-12-30",
            "end_date": "2029-12-30"
        }
    },
    {
        "model": "ocds_master_tables.period",
        "pk": 5,
        "fields": {
            "start_date": "2027-12-30",
            "end_date": "2029-12-30"
        }
    },
    {
        "model": "ocds_master_tables.unit",
        "pk": 1,
        "fields": {
            "name": "Kilomètre",
            "value": 3
        }
    },
    {
        "model": "ocds_master_tables.unit",
        "pk": 2,
        "fields": {
            "name": "Litres",
            "value": 4
        }
    },
    {
        "model": "ocds_master_tables.value",
        "pk": 1,
        "fields": {
            "amount": "250000.00",
            "currency": "MGA"
        }
    },
    {
        "model": "ocds_master_tables.value",
        "pk": 2,
        "fields": {
            "amount": "125000.00",
            "currency": "MGA"
        }
    },
    {
        "model": "ocds_master_tables.value",
        "pk": 3,
        "fields": {
            "amount": "10000.00",
            "currency": "MGA"
        }
    },
    {
        "model": "ocds_master_tables.value",
        "pk": 4,
        "fields": {
            "amount": "1500.00",
            "currency": "MGA"
        }
    },
    {
        "model": "ocds_master_tables.value",
        "pk": 5,
        "fields": {
            "amount": "125000.00",
            "currency": "MGA"
        }
    },
    {
        "model": "ocds_master_tables.value",
        "pk": 6,
        "fields": {
            "amount": "-25000.00",
            "currency": "MGA"
        }
    },
    {
        "model": "ocds_master_tables.projet",
        "pk": 1,
        "fields": {
            "titre_projet": "SP001",
            "description": "On sait depuis longtemps que travailler avec du texte lisible et contenant du sens est source de distractions, et empêche de se concentrer sur la mise en page elle-même. L'avantage du Lorem Ipsum sur un texte générique comme 'Du texte. Du texte. Du texte.' est qu'il possède une distribution de lettres plus ou moins normale, et en tout cas comparable avec celle du français standard. De nombreuses suites logicielles de mise en page ou éditeurs de sites Web ont fait du Lorem Ipsum leur faux texte par défaut, et une recherche pour 'Lorem Ipsum' vous conduira vers de nombreux sites qui n'en sont encore qu'à leur phase de construction. Plusieurs versions sont apparues avec le temps, parfois par accident, souvent intentionnellement (histoire d'y rajouter de petits clins d'oeil, voire des phrases embarassantes)."
        }
    },
    {
        "model": "ocds_master_tables.budget",
        "pk": 1,
        "fields": {
            "source": "https://openspending.org/uk-barnet-budget/entries/6801ad388f3a38b7740dde20108c58b35984ee91",
            "description": "Budget allocation for highway maintenance, aligned with 2015 strategic plan.",
            "amount": 1,
            "projet": 1,
            "uri": "https://openspending.org/uk-barnet-budget/entries/6801ad388f3a38b7740dde20108c58b35984ee91"
        }
    },
    {
        "model": "ocds_release.target",
        "pk": 1,
        "fields": {
            "name": "social"
        }
    },
    {
        "model": "ocds_release.record",
        "pk": 1,
        "fields": {
            "ocid": "ocds-261",
            "target": 1,
            "implementation_address": 1,
            "implementation_value": 1
        }
    },
    {
        "model": "ocds_release.release",
        "pk": 1,
        "fields": {
            "ref_record": 1,
            "ocid": "ocds-261-1-2021-12-30 18:34:47.487638+00:00",
            "date": "2021-12-30T18:57:21.485Z",
            "tag": "[\"planning\"]",
            "initiation_type": "tender",
            "buyer": 1,
            "planning": 1,
            "tender": 1
        }
    },
    {
        "model": "ocds_release.role",
        "pk": 1,
        "fields": {
            "release": 1,
            "entity": 1,
            "role": "[\"buyer\"]"
        }
    },
    {
        "model": "ocds_release.role",
        "pk": 2,
        "fields": {
            "release": 1,
            "entity": 2,
            "role": "[\"procuringEntity\"]"
        }
    },
    {
        "model": "ocds_release.role",
        "pk": 3,
        "fields": {
            "release": 1,
            "entity": 3,
            "role": "[\"supplier\", \"tenderer\", \"interestedParty\"]"
        }
    },
    {
        "model": "ocds_release.releaseaward",
        "pk": 1,
        "fields": {
            "ref_release": 1
        }
    },
    {
        "model": "ocds_release.releasecontract",
        "pk": 1,
        "fields": {
            "ref_release": 1
        }
    },
    {
        "model": "ocds_planning.planning",
        "pk": 1,
        "fields": {
            "raison": "On sait depuis longtemps que travailler avec du texte lisible et contenant du sens est source de distractions, et empêche de se concentrer sur la mise en page elle-même. L'avantage du Lorem Ipsum sur un texte générique comme 'Du texte. Du texte. Du texte.' est qu'il possède une distribution de lettres plus ou moins normale, et en tout cas comparable avec celle du français standard. De nombreuses suites logicielles de mise en page ou éditeurs de sites Web ont fait du Lorem Ipsum leur faux texte par défaut, et une recherche pour 'Lorem Ipsum' vous conduira vers de nombreux sites qui n'en sont encore qu'à leur phase de construction. Plusieurs versions sont apparues avec le temps, parfois par accident, souvent intentionnellement (histoire d'y rajouter de petits clins d'oeil, voire des phrases embarassantes).",
            "budget": 1
        }
    },
    {
        "model": "ocds_planning.planningdocument",
        "pk": 1,
        "fields": {
            "planning": 1
        }
    },
    {
        "model": "ocds_tender.tender",
        "pk": 1,
        "fields": {
            "buyer": 1,
            "title": "Highway maintenance",
            "description": "Budget allocation for highway maintenance, aligned with 2015 strategic plan.",
            "status": "planning",
            "procurement_method": "open",
            "procurement_method_rationale": "On sait depuis longtemps que travailler avec du texte lisible et contenant du sens est source de distractions, et empêche de se concentrer sur la mise en page elle-même. L'avantage du Lorem Ipsum sur un texte générique comme 'Du texte. Du texte. Du texte.' est qu'il possède une distribution de lettres plus ou moins normale, et en tout cas comparable avec celle du français standard. De nombreuses suites logicielles de mise en page ou éditeurs de sites Web ont fait du Lorem Ipsum leur faux texte par défaut, et une recherche pour 'Lorem Ipsum' vous conduira vers de nombreux sites qui n'en sont encore qu'à leur phase de construction. Plusieurs versions sont apparues avec le temps, parfois par accident, souvent intentionnellement (histoire d'y rajouter de petits clins d'oeil, voire des phrases embarassantes).",
            "award_criteria": "lowestCost",
            "award_criteria_details": "On sait depuis longtemps que travailler avec du texte lisible et contenant du sens est source de distractions, et empêche de se concentrer sur la mise en page elle-même. L'avantage du Lorem Ipsum sur un texte générique comme 'Du texte. Du texte. Du texte.' est qu'il possède une distribution de lettres plus ou moins normale, et en tout cas comparable avec celle du français standard. De nombreuses suites logicielles de mise en page ou éditeurs de sites Web ont fait du Lorem Ipsum leur faux texte par défaut, et une recherche pour 'Lorem Ipsum' vous conduira vers de nombreux sites qui n'en sont encore qu'à leur phase de construction. Plusieurs versions sont apparues avec le temps, parfois par accident, souvent intentionnellement (histoire d'y rajouter de petits clins d'oeil, voire des phrases embarassantes).",
            "submission_method": "electronicSubmission",
            "submission_method_details": "On sait depuis longtemps que travailler avec du texte lisible et contenant du sens est source de distractions, et empêche de se concentrer sur la mise en page elle-même. L'avantage du Lorem Ipsum sur un texte générique comme 'Du texte. Du texte. Du texte.' est qu'il possède une distribution de lettres plus ou moins normale, et en tout cas comparable avec celle du français standard. De nombreuses suites logicielles de mise en page ou éditeurs de sites Web ont fait du Lorem Ipsum leur faux texte par défaut, et une recherche pour 'Lorem Ipsum' vous conduira vers de nombreux sites qui n'en sont encore qu'à leur phase de construction. Plusieurs versions sont apparues avec le temps, parfois par accident, souvent intentionnellement (histoire d'y rajouter de petits clins d'oeil, voire des phrases embarassantes).",
            "min_value": 2,
            "value": 1,
            "tender_period": 1,
            "enquiry_period": 2,
            "has_enquiries": false,
            "eligibility_criteria": "On sait depuis longtemps que travailler avec du texte lisible et contenant du sens est source de distractions, et empêche de se concentrer sur la mise en page elle-même. L'avantage du Lorem Ipsum sur un texte générique comme 'Du texte. Du texte. Du texte.' est qu'il possède une distribution de lettres plus ou moins normale, et en tout cas comparable avec celle du français standard. De nombreuses suites logicielles de mise en page ou éditeurs de sites Web ont fait du Lorem Ipsum leur faux texte par défaut, et une recherche pour 'Lorem Ipsum' vous conduira vers de nombreux sites qui n'en sont encore qu'à leur phase de construction. Plusieurs versions sont apparues avec le temps, parfois par accident, souvent intentionnellement (histoire d'y rajouter de petits clins d'oeil, voire des phrases embarassantes).",
            "award_period": 3,
            "procuring_entity": 2,
            "tenderers": [
                3
            ]
        }
    },
    {
        "model": "ocds_tender.tenderitem",
        "pk": 1,
        "fields": {
            "tender": 1
        }
    },
    {
        "model": "ocds_tender.tenderitem",
        "pk": 2,
        "fields": {
            "tender": 1
        }
    },
    {
        "model": "ocds_tender.tendermilestone",
        "pk": 1,
        "fields": {
            "tender": 1
        }
    },
    {
        "model": "ocds_tender.tendermilestone",
        "pk": 2,
        "fields": {
            "tender": 1
        }
    },
    {
        "model": "ocds_awards.award",
        "pk": 1,
        "fields": {
            "title": "Award for highway construction",
            "description": "Calos corp has been awarded for highway construction",
            "status": "pending",
            "date": "2021-12-30T18:33:01Z",
            "value": 2,
            "contract_period": 4,
            "suppliers": [
                3
            ]
        }
    },
    {
        "model": "ocds_contracts.contract",
        "pk": 1,
        "fields": {
            "ref_award": 1,
            "title": "Highway Construction contract",
            "description": "Contract between Calos corp and Buyer",
            "status": "pending",
            "period": 5,
            "date_signed": "2021-12-30T18:34:37Z",
            "value": 2
        }
    },
    {
        "model": "ocds_implementation.implementation",
        "pk": 2,
        "fields": {
            "contract": 1
        }
    },
    {
        "model": "ocds_implementation.transaction",
        "pk": 3,
        "fields": {
            "implementation": 2,
            "source": "http://source.transaction.example",
            "date": "2021-12-30T18:58:45Z",
            "value": 5,
            "payer": 1,
            "payee": 3,
            "uri": "http://source.transaction.example/spends/1"
        }
    },
    {
        "model": "ocds_implementation.transaction",
        "pk": 4,
        "fields": {
            "implementation": 2,
            "source": "http://source.transaction.example",
            "date": "2021-12-30T18:59:18Z",
            "value": 6,
            "payer": 3,
            "payee": 2,
            "uri": "http://source.transaction.example/spends/2"
        }
    },
    {
        "model": "ocds_implementation.implementationmilestone",
        "pk": 5,
        "fields": {
            "ref_implementation": 2
        }
    },
    {
        "model": "ocds_implementation.implementationmilestone",
        "pk": 6,
        "fields": {
            "ref_implementation": 2
        }
    },
    {
        "model": "ocds_implementation.implementationdocument",
        "pk": 3,
        "fields": {
            "ref_implementation": 2
        }
    }
]
